Workbook

Sheet 가정_Case1
A1: Base 모델 (BIPV 미설치, 투자 없음) — 가정 및 근거
A3: 항목 | B3: 값 | C3: 단위 | D3: 근거 / 출처
A4: — 발전 및 경제 가정 —
A5: 연간 발전량 (1년차, gross) | B5: 0 | C5: kWh/년 | D5: 없음 — BIPV 미설치 기준선 케이스
A6: 키네틱 구동 소비전력 | B6: 0 | C6: kWh/년 | D6: 해당 없음
A7: 패널 열화율 | B7: 0.005 | C7: %/년 | D7: NREL: 결정질 모듈 중앙값 0.5%/년 (25년차 약 88% 잔존)
A8: 사업 기간 | B8: 25 | C8: 년 | D8: PV 모듈 표준 수명·보증기간 통상 25년
A9: 적용 전기요금 (1년차 가중평균 청구단가) | B9: =C37 -> 138.67789 | C9: 원/kWh | D9: 기본요금 제외, 전력량요금 가중평균에 기후환경요금(9원/kWh) 및 연료비조정요금(5원/kWh)을 더한 후 VAT(10%)와 전력기금(2.7%)을 합산한 최종 청구단가
A10: 전기요금 상승률 | B10: 0.05 | C10: %/년 | D10: 2021~24년 실적 약 11~15%/년(적자보전 catch-up)의 장기 완화치, 일반물가 상회 가정
A11: 물가상승률 | B11: 0.02 | C11: %/년 | D11: 한은 물가목표 2.0%·2026 전망 2.1%(최대 2.3%)·최근 2%대 중반, 보수적 2.5% 적용
A12: 명목 할인율 | B12: 0.055 | C12: %/년 | D12: 민간 hurdle rate. 참고: KDI 예타 사회적 할인율 4.5%(실질)≈명목 약 7%
A14: — 초기투자비 CAPEX —
A15: 태양광 모듈 | B15: 0 | C15: 원 | D15: 투자 없음
A16: 액추에이터 (추종 구동) | B16: 0 | C16: 원 | D16: 투자 없음
A17: 구조·프레임 | B17: 0 | C17: 원 | D17: 투자 없음
A18: 인버터·전력변환 | B18: 0 | C18: 원 | D18: 투자 없음
A19: 추종 제어시스템 | B19: 0 | C19: 원 | D19: 투자 없음
A20: 전기 BOS (배선·보호·계측) | B20: 0 | C20: 원 | D20: 투자 없음
A21: 설치·시운전 | B21: 0 | C21: 원 | D21: 투자 없음
A22: 설계·인허가 | B22: 0 | C22: 원 | D22: 투자 없음
A23: 총 CAPEX | B23: =SUM(B15:B22) -> 0 | C23: 원
A25: — 운영비·교체비 —
A26: O&M 비율 (CAPEX 대비) | B26: 0 | C26: %/년 | D26: 투자 없음 (O&M 없음)
A27: O&M 1년차 금액 | B27: =B23*B26 -> 0 | C27: 원/년 | D27: 총CAPEX x O&M비율
A28: 액추에이터 교체연도 | B28: 99 | C28: 년차 | D28: 해당 없음 — BIPV 없음
A29: 액추에이터 교체비 (현재가) | B29: 0 | C29: 원 | D29: 해당 없음
A30: 설비용량 (참고) | B30: 0 | C30: kWp | D30: 해당 없음 (PV 없음)
A32: ④ 계절별 전기요금 및 최종 청구단가 (일반용전력(갑) I · 저압)
A33: 계절 | B33: 적용 월 | C33: 최종 청구단가 (원/kWh) | D33: 월별 발전비중 | E33: 비고
A34: 여름철 | B34: 6~8월 | C34: =(132.4+$B$42+$B$43)*(1+$B$44+$B$45) -> 164.9928 | D34: 0.2242 | E34: 피크 일사량 기간, 발전량 최대
A35: 봄·가을철 | B35: 3~5월, 9~10월 | C35: =(91.9+$B$42+$B$43)*(1+$B$44+$B$45) -> 119.3493 | D35: 0.478 | E35: 중간 일사량
A36: 겨울철 | B36: 11~2월 | C36: =(119+$B$42+$B$43)*(1+$B$44+$B$45) -> 149.891 | D36: 0.2978 | E36: 일사량 최저
A37: 합계/가중평균 | C37: =SUMPRODUCT(C34:C36,D34:D36) -> 138.67789 | D37: =SUM(D34:D36) -> 1
A39: 참고: 기본요금 | B39: 6160 | C39: 원/kW | D39: 저압 기본요금 (별도, 본 DCF에서는 절감액에 미반영)
A41: ⑤ 추가 요금 및 세금 가정
A42: 기후환경요금단가 | B42: 9 | C42: 원/kWh | D42: 기후환경요금 부과단가 (2024년 기준 9.0원/kWh)
A43: 연료비조정단가 | B43: 5 | C43: 원/kWh | D43: 연료비조정요금 부과단가 (상한 ±5원/kWh 적용)
A44: 부가가치세 요율 | B44: 0.1 | C44: % | D44: 전기요금의 10% 부과 (원미만 4사 5입)
A45: 전력산업기반기금 요율 | B45: 0.027 | C45: % | D45: 전기요금의 2.7% 부과 (2025.7.1 요율 인하 반영, 10원미만 절사)

Sheet 현금흐름_Case1
A1: Base 모델 (BIPV 미설치) — 연도별 현금흐름
A3: 연도 | B3: 발전량(kWh) | C3: 구동소비(kWh) | D3: 순발전(kWh) | E3: 전기요금(원/kWh) | F3: 전력절감액(원) | G3: O&M(원) | H3: 교체비(원) | I3: 순현금흐름(원) | J3: 할인계수 | K3: 할인현금흐름(원) | L3: 누적할인(원)
A4: 0 | I4: =-가정_Case1!$B$23 -> 0 | J4: 1 | K4: =I4 -> 0 | L4: =K4 -> 0
A5: 1 | B5: =가정_Case1!$B$5*(1-가정_Case1!$B$7)^(A5-1) -> 0 | C5: =가정_Case1!$B$6 -> 0 | D5: =B5-C5 -> 0 | E5: =가정_Case1!$B$9*(1+가정_Case1!$B$10)^(A5-1) -> 138.67789 | F5: =D5*E5 -> 0 | G5: =가정_Case1!$B$27*(1+가정_Case1!$B$11)^(A5-1) -> 0 | H5: =IF(A5=가정_Case1!$B$28,가정_Case1!$B$29*(1+가정_Case1!$B$11)^A5,0) -> 0 | I5: =F5-G5-H5 -> 0 | J5: =1/(1+가정_Case1!$B$12)^A5 -> 0.9478673 | K5: =I5*J5 -> 0 | L5: =L4+K5 -> 0
A6: 2 | B6: =가정_Case1!$B$5*(1-가정_Case1!$B$7)^(A6-1) -> 0 | C6: =가정_Case1!$B$6 -> 0 | D6: =B6-C6 -> 0 | E6: =가정_Case1!$B$9*(1+가정_Case1!$B$10)^(A6-1) -> 145.61179 | F6: =D6*E6 -> 0 | G6: =가정_Case1!$B$27*(1+가정_Case1!$B$11)^(A6-1) -> 0 | H6: =IF(A6=가정_Case1!$B$28,가정_Case1!$B$29*(1+가정_Case1!$B$11)^A6,0) -> 0 | I6: =F6-G6-H6 -> 0 | J6: =1/(1+가정_Case1!$B$12)^A6 -> 0.89845242 | K6: =I6*J6 -> 0 | L6: =L5+K6 -> 0
A7: 3 | B7: =가정_Case1!$B$5*(1-가정_Case1!$B$7)^(A7-1) -> 0 | C7: =가정_Case1!$B$6 -> 0 | D7: =B7-C7 -> 0 | E7: =가정_Case1!$B$9*(1+가정_Case1!$B$10)^(A7-1) -> 152.89237 | F7: =D7*E7 -> 0 | G7: =가정_Case1!$B$27*(1+가정_Case1!$B$11)^(A7-1) -> 0 | H7: =IF(A7=가정_Case1!$B$28,가정_Case1!$B$29*(1+가정_Case1!$B$11)^A7,0) -> 0 | I7: =F7-G7-H7 -> 0 | J7: =1/(1+가정_Case1!$B$12)^A7 -> 0.85161366 | K7: =I7*J7 -> 0 | L7: =L6+K7 -> 0
A8: 4 | B8: =가정_Case1!$B$5*(1-가정_Case1!$B$7)^(A8-1) -> 0 | C8: =가정_Case1!$B$6 -> 0 | D8: =B8-C8 -> 0 | E8: =가정_Case1!$B$9*(1+가정_Case1!$B$10)^(A8-1) -> 160.53699 | F8: =D8*E8 -> 0 | G8: =가정_Case1!$B$27*(1+가정_Case1!$B$11)^(A8-1) -> 0 | H8: =IF(A8=가정_Case1!$B$28,가정_Case1!$B$29*(1+가정_Case1!$B$11)^A8,0) -> 0 | I8: =F8-G8-H8 -> 0 | J8: =1/(1+가정_Case1!$B$12)^A8 -> 0.80721674 | K8: =I8*J8 -> 0 | L8: =L7+K8 -> 0
A9: 5 | B9: =가정_Case1!$B$5*(1-가정_Case1!$B$7)^(A9-1) -> 0 | C9: =가정_Case1!$B$6 -> 0 | D9: =B9-C9 -> 0 | E9: =가정_Case1!$B$9*(1+가정_Case1!$B$10)^(A9-1) -> 168.56384 | F9: =D9*E9 -> 0 | G9: =가정_Case1!$B$27*(1+가정_Case1!$B$11)^(A9-1) -> 0 | H9: =IF(A9=가정_Case1!$B$28,가정_Case1!$B$29*(1+가정_Case1!$B$11)^A9,0) -> 0 | I9: =F9-G9-H9 -> 0 | J9: =1/(1+가정_Case1!$B$12)^A9 -> 0.76513435 | K9: =I9*J9 -> 0 | L9: =L8+K9 -> 0
A10: 6 | B10: =가정_Case1!$B$5*(1-가정_Case1!$B$7)^(A10-1) -> 0 | C10: =가정_Case1!$B$6 -> 0 | D10: =B10-C10 -> 0 | E10: =가정_Case1!$B$9*(1+가정_Case1!$B$10)^(A10-1) -> 176.99204 | F10: =D10*E10 -> 0 | G10: =가정_Case1!$B$27*(1+가정_Case1!$B$11)^(A10-1) -> 0 | H10: =IF(A10=가정_Case1!$B$28,가정_Case1!$B$29*(1+가정_Case1!$B$11)^A10,0) -> 0 | I10: =F10-G10-H10 -> 0 | J10: =1/(1+가정_Case1!$B$12)^A10 -> 0.72524583 | K10: =I10*J10 -> 0 | L10: =L9+K10 -> 0
A11: 7 | B11: =가정_Case1!$B$5*(1-가정_Case1!$B$7)^(A11-1) -> 0 | C11: =가정_Case1!$B$6 -> 0 | D11: =B11-C11 -> 0 | E11: =가정_Case1!$B$9*(1+가정_Case1!$B$10)^(A11-1) -> 185.84164 | F11: =D11*E11 -> 0 | G11: =가정_Case1!$B$27*(1+가정_Case1!$B$11)^(A11-1) -> 0 | H11: =IF(A11=가정_Case1!$B$28,가정_Case1!$B$29*(1+가정_Case1!$B$11)^A11,0) -> 0 | I11: =F11-G11-H11 -> 0 | J11: =1/(1+가정_Case1!$B$12)^A11 -> 0.68743681 | K11: =I11*J11 -> 0 | L11: =L10+K11 -> 0
A12: 8 | B12: =가정_Case1!$B$5*(1-가정_Case1!$B$7)^(A12-1) -> 0 | C12: =가정_Case1!$B$6 -> 0 | D12: =B12-C12 -> 0 | E12: =가정_Case1!$B$9*(1+가정_Case1!$B$10)^(A12-1) -> 195.13372 | F12: =D12*E12 -> 0 | G12: =가정_Case1!$B$27*(1+가정_Case1!$B$11)^(A12-1) -> 0 | H12: =IF(A12=가정_Case1!$B$28,가정_Case1!$B$29*(1+가정_Case1!$B$11)^A12,0) -> 0 | I12: =F12-G12-H12 -> 0 | J12: =1/(1+가정_Case1!$B$12)^A12 -> 0.65159887 | K12: =I12*J12 -> 0 | L12: =L11+K12 -> 0
A13: 9 | B13: =가정_Case1!$B$5*(1-가정_Case1!$B$7)^(A13-1) -> 0 | C13: =가정_Case1!$B$6 -> 0 | D13: =B13-C13 -> 0 | E13: =가정_Case1!$B$9*(1+가정_Case1!$B$10)^(A13-1) -> 204.8904 | F13: =D13*E13 -> 0 | G13: =가정_Case1!$B$27*(1+가정_Case1!$B$11)^(A13-1) -> 0 | H13: =IF(A13=가정_Case1!$B$28,가정_Case1!$B$29*(1+가정_Case1!$B$11)^A13,0) -> 0 | I13: =F13-G13-H13 -> 0 | J13: =1/(1+가정_Case1!$B$12)^A13 -> 0.61762926 | K13: =I13*J13 -> 0 | L13: =L12+K13 -> 0
A14: 10 | B14: =가정_Case1!$B$5*(1-가정_Case1!$B$7)^(A14-1) -> 0 | C14: =가정_Case1!$B$6 -> 0 | D14: =B14-C14 -> 0 | E14: =가정_Case1!$B$9*(1+가정_Case1!$B$10)^(A14-1) -> 215.13493 | F14: =D14*E14 -> 0 | G14: =가정_Case1!$B$27*(1+가정_Case1!$B$11)^(A14-1) -> 0 | H14: =IF(A14=가정_Case1!$B$28,가정_Case1!$B$29*(1+가정_Case1!$B$11)^A14,0) -> 0 | I14: =F14-G14-H14 -> 0 | J14: =1/(1+가정_Case1!$B$12)^A14 -> 0.58543058 | K14: =I14*J14 -> 0 | L14: =L13+K14 -> 0
A15: 11 | B15: =가정_Case1!$B$5*(1-가정_Case1!$B$7)^(A15-1) -> 0 | C15: =가정_Case1!$B$6 -> 0 | D15: =B15-C15 -> 0 | E15: =가정_Case1!$B$9*(1+가정_Case1!$B$10)^(A15-1) -> 225.89167 | F15: =D15*E15 -> 0 | G15: =가정_Case1!$B$27*(1+가정_Case1!$B$11)^(A15-1) -> 0 | H15: =IF(A15=가정_Case1!$B$28,가정_Case1!$B$29*(1+가정_Case1!$B$11)^A15,0) -> 0 | I15: =F15-G15-H15 -> 0 | J15: =1/(1+가정_Case1!$B$12)^A15 -> 0.5549105 | K15: =I15*J15 -> 0 | L15: =L14+K15 -> 0
A16: 12 | B16: =가정_Case1!$B$5*(1-가정_Case1!$B$7)^(A16-1) -> 0 | C16: =가정_Case1!$B$6 -> 0 | D16: =B16-C16 -> 0 | E16: =가정_Case1!$B$9*(1+가정_Case1!$B$10)^(A16-1) -> 237.18626 | F16: =D16*E16 -> 0 | G16: =가정_Case1!$B$27*(1+가정_Case1!$B$11)^(A16-1) -> 0 | H16: =IF(A16=가정_Case1!$B$28,가정_Case1!$B$29*(1+가정_Case1!$B$11)^A16,0) -> 0 | I16: =F16-G16-H16 -> 0 | J16: =1/(1+가정_Case1!$B$12)^A16 -> 0.52598152 | K16: =I16*J16 -> 0 | L16: =L15+K16 -> 0
... A29: 25 | B29: =가정_Case1!$B$5*(1-가정_Case1!$B$7)^(A29-1) -> 0 | C29: =가정_Case1!$B$6 -> 0 | D29: =B29-C29 -> 0 | E29: =가정_Case1!$B$9*(1+가정_Case1!$B$10)^(A29-1) -> 447.25006 | F29: =D29*E29 -> 0 | G29: =가정_Case1!$B$27*(1+가정_Case1!$B$11)^(A29-1) -> 0 | H29: =IF(A29=가정_Case1!$B$28,가정_Case1!$B$29*(1+가정_Case1!$B$11)^A29,0) -> 0 | I29: =F29-G29-H29 -> 0 | J29: =1/(1+가정_Case1!$B$12)^A29 -> 0.2622337 | K29: =I29*J29 -> 0 | L29: =L28+K29 -> 0

Sheet 결과_Case1
A1: Base 모델 (BIPV 미설치) — 결과 요약
A3: 지표 | B3: 값 | C3: 단위
A4: 총 CAPEX | B4: =가정_Case1!B23 -> 0 | C4: 원
A5: NPV (순현재가치) | B5: =SUM(현금흐름_Case1!K4:K29) -> 0 | C5: 원
A6: IRR (내부수익률) | B6: =IRR(현금흐름_Case1!I4:I29) -> #NUM! | C6: %
A7: LCOE (균등화발전원가) | B7: =(가정_Case1!B23+SUMPRODUCT(현금흐름_Case1!G5:G29+현금흐름_Case1!H5:H29,현금흐름_Case1!J5:J29))/SUMPRODUCT(현금흐름_Case1!D5:D29,현금흐름_Case1!J5:J29) -> #DIV/0! | C7: 원/kWh
A8: 할인 회수기간 | B8: =IFERROR((COUNTIF(현금흐름_Case1!L4:L29,"<0")-1)+(-INDEX(현금흐름_Case1!L4:L29,COUNTIF(현금흐름_Case1!L4:L29,"<0")))/INDEX(현금흐름_Case1!K4:K29,COUNTIF(현금흐름_Case1!L4:L29,"<0")+1),"25년내 미회수") -> 25년내 미회수 | C8: 년
A10: 판정 | B10: =IF(B5>0,"투자가치 있음 (NPV>0)","투자 부적합 (NPV<0)") -> 투자 부적합 (NPV<0)

Sheet 가정_Case2
A1: 정적 BIPV (고정 90°) — 가정 및 근거
A3: 항목 | B3: 값 | C3: 단위 | D3: 근거 / 출처
A4: — 발전 및 경제 가정 —
A5: 연간 발전량 (1년차, gross) | B5: 18180 | C5: kWh/년 | D5: 시뮬레이션 결과: 90° 고정각 연간 발전량 (18.18 MWh)
A6: 키네틱 구동 소비전력 | B6: 0 | C6: kWh/년 | D6: 고정형 — 구동 소비전력 없음
A7: 패널 열화율 | B7: 0.005 | C7: %/년 | D7: NREL: 결정질 모듈 중앙값 0.5%/년 (25년차 약 88% 잔존)
A8: 사업 기간 | B8: 25 | C8: 년 | D8: PV 모듈 표준 수명·보증기간 통상 25년
A9: 적용 전기요금 (1년차 가중평균 청구단가) | B9: =C37 -> 138.67789 | C9: 원/kWh | D9: 기본요금 제외, 전력량요금 가중평균에 기후환경요금(9원/kWh) 및 연료비조정요금(5원/kWh)을 더한 후 VAT(10%)와 전력기금(2.7%)을 합산한 최종 청구단가
A10: 전기요금 상승률 | B10: 0.05 | C10: %/년 | D10: 2021~24년 실적 약 11~15%/년(적자보전 catch-up)의 장기 완화치, 일반물가 상회 가정
A11: 물가상승률 | B11: 0.02 | C11: %/년 | D11: 한은 물가목표 2.0%·2026 전망 2.1%(최대 2.3%)·최근 2%대 중반, 보수적 2.5% 적용
A12: 명목 할인율 | B12: 0.055 | C12: %/년 | D12: 민간 hurdle rate. 참고: KDI 예타 사회적 할인율 4.5%(실질)≈명목 약 7%
A14: — 초기투자비 CAPEX —
A15: 태양광 모듈 | B15: =300000*96 -> 28800000 | C15: 원 | D15: 사용자 제공: 97,000원 × 96개
A16: 액추에이터 (추종 구동) | B16: 0 | C16: 원 | D16: 고정형 — 액추에이터 불필요 (0원)
A17: 구조·프레임 | B17: 5000000 | C17: 원 | D17: 고정형 프레임 — 키네틱 대비 단순화 적용 (5,000,000원)
A18: 인버터·전력변환 | B18: =5000000 -> 5000000 | C18: 원 | D18: 엔지니어링 추정: 약 40kWp 기준 (실견적 대체 권장)
A19: 추종 제어시스템 | B19: 0 | C19: 원 | D19: 고정형 — 추종 제어시스템 불필요 (0원)
A20: 전기 BOS (배선·보호·계측) | B20: =3000000 -> 3000000 | C20: 원 | D20: 엔지니어링 추정
A21: 설치·시운전 | B21: 4000000 | C21: 원 | D21: 고정형 시공 — 키네틱 대비 저난이도 반영 (4,000,000원)
A22: 설계·인허가 | B22: =2500000 -> 2500000 | C22: 원 | D22: 엔지니어링 추정
A23: 총 CAPEX | B23: =SUM(B15:B22) -> 48300000 | C23: 원
A25: — 운영비·교체비 —
A26: O&M 비율 (CAPEX 대비) | B26: 0.012 | C26: %/년 | D26: NREL ATB 표준 PV O&M 1.2% (가동부 없음)
A27: O&M 1년차 금액 | B27: =B23*B26 -> 579600 | C27: 원/년 | D27: 총CAPEX x O&M비율
A28: 액추에이터 교체연도 | B28: 99 | C28: 년차 | D28: 해당 없음 — 가동부 없음
A29: 액추에이터 교체비 (현재가) | B29: 0 | C29: 원 | D29: 해당 없음
A30: 설비용량 (참고) | B30: 40 | C30: kWp | D30: 96패널 × 약 420W 가정 (LCOE·단가 산출용)
A32: ④ 계절별 전기요금 및 최종 청구단가 (일반용전력(갑) I · 저압)
A33: 계절 | B33: 적용 월 | C33: 최종 청구단가 (원/kWh) | D33: 월별 발전비중 | E33: 비고
A34: 여름철 | B34: 6~8월 | C34: =(132.4+$B$42+$B$43)*(1+$B$44+$B$45) -> 164.9928 | D34: 0.2242 | E34: 피크 일사량 기간, 발전량 최대
A35: 봄·가을철 | B35: 3~5월, 9~10월 | C35: =(91.9+$B$42+$B$43)*(1+$B$44+$B$45) -> 119.3493 | D35: 0.478 | E35: 중간 일사량
A36: 겨울철 | B36: 11~2월 | C36: =(119+$B$42+$B$43)*(1+$B$44+$B$45) -> 149.891 | D36: 0.2978 | E36: 일사량 최저
A37: 합계/가중평균 | C37: =SUMPRODUCT(C34:C36,D34:D36) -> 138.67789 | D37: =SUM(D34:D36) -> 1
A39: 참고: 기본요금 | B39: 6160 | C39: 원/kW | D39: 저압 기본요금 (별도, 본 DCF에서는 절감액에 미반영)
A41: ⑤ 추가 요금 및 세금 가정
A42: 기후환경요금단가 | B42: 9 | C42: 원/kWh | D42: 기후환경요금 부과단가 (2024년 기준 9.0원/kWh)
A43: 연료비조정단가 | B43: 5 | C43: 원/kWh | D43: 연료비조정요금 부과단가 (상한 ±5원/kWh 적용)
A44: 부가가치세 요율 | B44: 0.1 | C44: % | D44: 전기요금의 10% 부과 (원미만 4사 5입)
A45: 전력산업기반기금 요율 | B45: 0.027 | C45: % | D45: 전기요금의 2.7% 부과 (2025.7.1 요율 인하 반영, 10원미만 절사)

Sheet 현금흐름_Case2
A1: 정적 BIPV (고정 90°) — 연도별 현금흐름 (명목)
A3: 연도 | B3: 발전량(kWh) | C3: 구동소비(kWh) | D3: 순발전(kWh) | E3: 전기요금(원/kWh) | F3: 전력절감액(원) | G3: O&M(원) | H3: 교체비(원) | I3: 순현금흐름(원) | J3: 할인계수 | K3: 할인현금흐름(원) | L3: 누적할인(원)
A4: 0 | I4: =-가정_Case2!$B$23 -> -48300000 | J4: 1 | K4: =I4 -> -48300000 | L4: =K4 -> -48300000
A5: 1 | B5: =가정_Case2!$B$5*(1-가정_Case2!$B$7)^(A5-1) -> 18180 | C5: =가정_Case2!$B$6 -> 0 | D5: =B5-C5 -> 18180 | E5: =가정_Case2!$B$9*(1+가정_Case2!$B$10)^(A5-1) -> 138.67789 | F5: =D5*E5 -> 2521164.1 | G5: =가정_Case2!$B$27*(1+가정_Case2!$B$11)^(A5-1) -> 579600 | H5: =IF(A5=가정_Case2!$B$28,가정_Case2!$B$29*(1+가정_Case2!$B$11)^A5,0) -> 0 | I5: =F5-G5-H5 -> 1941564.1 | J5: =1/(1+가정_Case2!$B$12)^A5 -> 0.9478673 | K5: =I5*J5 -> 1840345.1 | L5: =L4+K5 -> -46459655
A6: 2 | B6: =가정_Case2!$B$5*(1-가정_Case2!$B$7)^(A6-1) -> 18089.1 | C6: =가정_Case2!$B$6 -> 0 | D6: =B6-C6 -> 18089.1 | E6: =가정_Case2!$B$9*(1+가정_Case2!$B$10)^(A6-1) -> 145.61179 | F6: =D6*E6 -> 2633986.1 | G6: =가정_Case2!$B$27*(1+가정_Case2!$B$11)^(A6-1) -> 591192 | H6: =IF(A6=가정_Case2!$B$28,가정_Case2!$B$29*(1+가정_Case2!$B$11)^A6,0) -> 0 | I6: =F6-G6-H6 -> 2042794.1 | J6: =1/(1+가정_Case2!$B$12)^A6 -> 0.89845242 | K6: =I6*J6 -> 1835353.3 | L6: =L5+K6 -> -44624302
A7: 3 | B7: =가정_Case2!$B$5*(1-가정_Case2!$B$7)^(A7-1) -> 17998.655 | C7: =가정_Case2!$B$6 -> 0 | D7: =B7-C7 -> 17998.655 | E7: =가정_Case2!$B$9*(1+가정_Case2!$B$10)^(A7-1) -> 152.89237 | F7: =D7*E7 -> 2751857 | G7: =가정_Case2!$B$27*(1+가정_Case2!$B$11)^(A7-1) -> 603015.84 | H7: =IF(A7=가정_Case2!$B$28,가정_Case2!$B$29*(1+가정_Case2!$B$11)^A7,0) -> 0 | I7: =F7-G7-H7 -> 2148841.2 | J7: =1/(1+가정_Case2!$B$12)^A7 -> 0.85161366 | K7: =I7*J7 -> 1829982.5 | L7: =L6+K7 -> -42794319
A8: 4 | B8: =가정_Case2!$B$5*(1-가정_Case2!$B$7)^(A8-1) -> 17908.661 | C8: =가정_Case2!$B$6 -> 0 | D8: =B8-C8 -> 17908.661 | E8: =가정_Case2!$B$9*(1+가정_Case2!$B$10)^(A8-1) -> 160.53699 | F8: =D8*E8 -> 2875002.6 | G8: =가정_Case2!$B$27*(1+가정_Case2!$B$11)^(A8-1) -> 615076.16 | H8: =IF(A8=가정_Case2!$B$28,가정_Case2!$B$29*(1+가정_Case2!$B$11)^A8,0) -> 0 | I8: =F8-G8-H8 -> 2259926.5 | J8: =1/(1+가정_Case2!$B$12)^A8 -> 0.80721674 | K8: =I8*J8 -> 1824250.5 | L8: =L7+K8 -> -40970069
A9: 5 | B9: =가정_Case2!$B$5*(1-가정_Case2!$B$7)^(A9-1) -> 17819.118 | C9: =가정_Case2!$B$6 -> 0 | D9: =B9-C9 -> 17819.118 | E9: =가정_Case2!$B$9*(1+가정_Case2!$B$10)^(A9-1) -> 168.56384 | F9: =D9*E9 -> 3003659 | G9: =가정_Case2!$B$27*(1+가정_Case2!$B$11)^(A9-1) -> 627377.68 | H9: =IF(A9=가정_Case2!$B$28,가정_Case2!$B$29*(1+가정_Case2!$B$11)^A9,0) -> 0 | I9: =F9-G9-H9 -> 2376281.3 | J9: =1/(1+가정_Case2!$B$12)^A9 -> 0.76513435 | K9: =I9*J9 -> 1818174.5 | L9: =L8+K9 -> -39151894
A10: 6 | B10: =가정_Case2!$B$5*(1-가정_Case2!$B$7)^(A10-1) -> 17730.022 | C10: =가정_Case2!$B$6 -> 0 | D10: =B10-C10 -> 17730.022 | E10: =가정_Case2!$B$9*(1+가정_Case2!$B$10)^(A10-1) -> 176.99204 | F10: =D10*E10 -> 3138072.7 | G10: =가정_Case2!$B$27*(1+가정_Case2!$B$11)^(A10-1) -> 639925.23 | H10: =IF(A10=가정_Case2!$B$28,가정_Case2!$B$29*(1+가정_Case2!$B$11)^A10,0) -> 0 | I10: =F10-G10-H10 -> 2498147.5 | J10: =1/(1+가정_Case2!$B$12)^A10 -> 0.72524583 | K10: =I10*J10 -> 1811771.1 | L10: =L9+K10 -> -37340123
A11: 7 | B11: =가정_Case2!$B$5*(1-가정_Case2!$B$7)^(A11-1) -> 17641.372 | C11: =가정_Case2!$B$6 -> 0 | D11: =B11-C11 -> 17641.372 | E11: =가정_Case2!$B$9*(1+가정_Case2!$B$10)^(A11-1) -> 185.84164 | F11: =D11*E11 -> 3278501.5 | G11: =가정_Case2!$B$27*(1+가정_Case2!$B$11)^(A11-1) -> 652723.74 | H11: =IF(A11=가정_Case2!$B$28,가정_Case2!$B$29*(1+가정_Case2!$B$11)^A11,0) -> 0 | I11: =F11-G11-H11 -> 2625777.8 | J11: =1/(1+가정_Case2!$B$12)^A11 -> 0.68743681 | K11: =I11*J11 -> 1805056.3 | L11: =L10+K11 -> -35535067
A12: 8 | B12: =가정_Case2!$B$5*(1-가정_Case2!$B$7)^(A12-1) -> 17553.165 | C12: =가정_Case2!$B$6 -> 0 | D12: =B12-C12 -> 17553.165 | E12: =가정_Case2!$B$9*(1+가정_Case2!$B$10)^(A12-1) -> 195.13372 | F12: =D12*E12 -> 3425214.4 | G12: =가정_Case2!$B$27*(1+가정_Case2!$B$11)^(A12-1) -> 665778.21 | H12: =IF(A12=가정_Case2!$B$28,가정_Case2!$B$29*(1+가정_Case2!$B$11)^A12,0) -> 0 | I12: =F12-G12-H12 -> 2759436.2 | J12: =1/(1+가정_Case2!$B$12)^A12 -> 0.65159887 | K12: =I12*J12 -> 1798045.5 | L12: =L11+K12 -> -33737021
A13: 9 | B13: =가정_Case2!$B$5*(1-가정_Case2!$B$7)^(A13-1) -> 17465.4 | C13: =가정_Case2!$B$6 -> 0 | D13: =B13-C13 -> 17465.4 | E13: =가정_Case2!$B$9*(1+가정_Case2!$B$10)^(A13-1) -> 204.8904 | F13: =D13*E13 -> 3578492.8 | G13: =가정_Case2!$B$27*(1+가정_Case2!$B$11)^(A13-1) -> 679093.78 | H13: =IF(A13=가정_Case2!$B$28,가정_Case2!$B$29*(1+가정_Case2!$B$11)^A13,0) -> 0 | I13: =F13-G13-H13 -> 2899399 | J13: =1/(1+가정_Case2!$B$12)^A13 -> 0.61762926 | K13: =I13*J13 -> 1790753.7 | L13: =L12+K13 -> -31946268
A14: 10 | B14: =가정_Case2!$B$5*(1-가정_Case2!$B$7)^(A14-1) -> 17378.073 | C14: =가정_Case2!$B$6 -> 0 | D14: =B14-C14 -> 17378.073 | E14: =가정_Case2!$B$9*(1+가정_Case2!$B$10)^(A14-1) -> 215.13493 | F14: =D14*E14 -> 3738630.3 | G14: =가정_Case2!$B$27*(1+가정_Case2!$B$11)^(A14-1) -> 692675.65 | H14: =IF(A14=가정_Case2!$B$28,가정_Case2!$B$29*(1+가정_Case2!$B$11)^A14,0) -> 0 | I14: =F14-G14-H14 -> 3045954.7 | J14: =1/(1+가정_Case2!$B$12)^A14 -> 0.58543058 | K14: =I14*J14 -> 1783195 | L14: =L13+K14 -> -30163073
A15: 11 | B15: =가정_Case2!$B$5*(1-가정_Case2!$B$7)^(A15-1) -> 17291.182 | C15: =가정_Case2!$B$6 -> 0 | D15: =B15-C15 -> 17291.182 | E15: =가정_Case2!$B$9*(1+가정_Case2!$B$10)^(A15-1) -> 225.89167 | F15: =D15*E15 -> 3905934 | G15: =가정_Case2!$B$27*(1+가정_Case2!$B$11)^(A15-1) -> 706529.17 | H15: =IF(A15=가정_Case2!$B$28,가정_Case2!$B$29*(1+가정_Case2!$B$11)^A15,0) -> 0 | I15: =F15-G15-H15 -> 3199404.9 | J15: =1/(1+가정_Case2!$B$12)^A15 -> 0.5549105 | K15: =I15*J15 -> 1775383.4 | L15: =L14+K15 -> -28387689
A16: 12 | B16: =가정_Case2!$B$5*(1-가정_Case2!$B$7)^(A16-1) -> 17204.726 | C16: =가정_Case2!$B$6 -> 0 | D16: =B16-C16 -> 17204.726 | E16: =가정_Case2!$B$9*(1+가정_Case2!$B$10)^(A16-1) -> 237.18626 | F16: =D16*E16 -> 4080724.6 | G16: =가정_Case2!$B$27*(1+가정_Case2!$B$11)^(A16-1) -> 720659.75 | H16: =IF(A16=가정_Case2!$B$28,가정_Case2!$B$29*(1+가정_Case2!$B$11)^A16,0) -> 0 | I16: =F16-G16-H16 -> 3360064.8 | J16: =1/(1+가정_Case2!$B$12)^A16 -> 0.52598152 | K16: =I16*J16 -> 1767332 | L16: =L15+K16 -> -26620357
... A29: 25 | B29: =가정_Case2!$B$5*(1-가정_Case2!$B$7)^(A29-1) -> 16119.361 | C29: =가정_Case2!$B$6 -> 0 | D29: =B29-C29 -> 16119.361 | E29: =가정_Case2!$B$9*(1+가정_Case2!$B$10)^(A29-1) -> 447.25006 | F29: =D29*E29 -> 7209385.1 | G29: =가정_Case2!$B$27*(1+가정_Case2!$B$11)^(A29-1) -> 932250.23 | H29: =IF(A29=가정_Case2!$B$28,가정_Case2!$B$29*(1+가정_Case2!$B$11)^A29,0) -> 0 | I29: =F29-G29-H29 -> 6277134.8 | J29: =1/(1+가정_Case2!$B$12)^A29 -> 0.2622337 | K29: =I29*J29 -> 1646076.3 | L29: =L28+K29 -> -4465425.4

Sheet 결과_Case2
A1: 정적 BIPV (고정 90°) — 결과 요약
A3: 지표 | B3: 값 | C3: 단위
A4: 총 CAPEX | B4: =가정_Case2!B23 -> 48300000 | C4: 원
A5: NPV (순현재가치) | B5: =SUM(현금흐름_Case2!K4:K29) -> -4465425.4 | C5: 원
A6: IRR (내부수익률) | B6: =IRR(현금흐름_Case2!I4:I29) -> 0.0471271 | C6: %
A7: LCOE (균등화발전원가) | B7: =(가정_Case2!B23+SUMPRODUCT(현금흐름_Case2!G5:G29+현금흐름_Case2!H5:H29,현금흐름_Case2!J5:J29))/SUMPRODUCT(현금흐름_Case2!D5:D29,현금흐름_Case2!J5:J29) -> 247.89663 | C7: 원/kWh
A8: 할인 회수기간 | B8: =IFERROR((COUNTIF(현금흐름_Case2!L4:L29,"<0")-1)+(-INDEX(현금흐름_Case2!L4:L29,COUNTIF(현금흐름_Case2!L4:L29,"<0")))/INDEX(현금흐름_Case2!K4:K29,COUNTIF(현금흐름_Case2!L4:L29,"<0")+1),"25년내 미회수") -> 25년내 미회수 | C8: 년
A10: 판정 | B10: =IF(B5>0,"투자가치 있음 (NPV>0)","투자 부적합 (NPV<0)") -> 투자 부적합 (NPV<0)

Sheet 가정
A1: 키네틱 BIPV 경제성 분석 — 가정 및 근거
A3: 항목 | B3: 값 | C3: 단위 | D3: 근거 / 출처
A4: — 발전 및 경제 가정 —
A5: 연간 발전량 (1년차, gross) | B5: 35000 | C5: kWh/년 | D5: 사용자 제공 실측값
A6: 키네틱 구동 소비전력 | B6: 72.3 | C6: kWh/년 | D6: 사용자 제공 실측값 (액추에이터 구동, 순절감서 차감)
A7: 패널 열화율 | B7: 0.005 | C7: %/년 | D7: NREL: 결정질 모듈 중앙값 0.5%/년 (25년차 약 88% 잔존)
A8: 사업 기간 | B8: 25 | C8: 년 | D8: PV 모듈 표준 수명·보증기간 통상 25년
A9: 적용 전기요금 (1년차 가중평균 청구단가) | B9: =C37 -> 138.67789 | C9: 원/kWh | D9: 기본요금 제외, 전력량요금 가중평균에 기후환경요금(9원/kWh) 및 연료비조정요금(5원/kWh)을 더한 후 VAT(10%)와 전력기금(2.7%)을 합산한 최종 청구단가
A10: 전기요금 상승률 | B10: 0.05 | C10: %/년 | D10: 2021~24년 실적 약 11~15%/년(적자보전 catch-up)의 장기 완화치, 일반물가 상회 가정
A11: 물가상승률 | B11: 0.02 | C11: %/년 | D11: 한은 물가목표 2.0%·2026 전망 2.1%(최대 2.3%)·최근 2%대 중반, 보수적 2.5% 적용
A12: 명목 할인율 | B12: 0.055 | C12: %/년 | D12: 민간 hurdle rate. 참고: KDI 예타 사회적 할인율 4.5%(실질)≈명목 약 7%
A14: — 초기투자비 CAPEX —
A15: 태양광 모듈 | B15: =300000*96 -> 28800000 | C15: 원 | D15: 사용자 제공: 97,000원 × 96개
A16: 액추에이터 (추종 구동) | B16: =200000*18 -> 3600000 | C16: 원 | D16: 사용자 제공: 200,000원 × 18개
A17: 구조·프레임 | B17: =7000000 -> 7000000 | C17: 원 | D17: 엔지니어링 추정: 키네틱 가동 프레임 (실견적 대체 권장)
A18: 인버터·전력변환 | B18: =5000000 -> 5000000 | C18: 원 | D18: 엔지니어링 추정: 약 40kWp 기준 (실견적 대체 권장)
A19: 추종 제어시스템 | B19: =3500000 -> 3500000 | C19: 원 | D19: 엔지니어링 추정: 센서·컨트롤러·모터드라이버
A20: 전기 BOS (배선·보호·계측) | B20: =3000000 -> 3000000 | C20: 원 | D20: 엔지니어링 추정
A21: 설치·시운전 | B21: =7000000 -> 7000000 | C21: 원 | D21: 엔지니어링 추정: 키네틱 시공 난이도 반영
A22: 설계·인허가 | B22: =2500000 -> 2500000 | C22: 원 | D22: 엔지니어링 추정
A23: 총 CAPEX | B23: =SUM(B15:B22) -> 60400000 | C23: 원
A25: — 운영비·교체비 —
A26: O&M 비율 (CAPEX 대비) | B26: 0.02 | C26: %/년 | D26: NREL ATB 기본 PV O&M 약 1.1~1.2% + 키네틱 가동부 정비 가산
A27: O&M 1년차 금액 | B27: =B23*B26 -> 1208000 | C27: 원/년 | D27: 총CAPEX x O&M비율
A28: 액추에이터 교체연도 | B28: 12 | C28: 년차 | D28: 가동부 기계 수명 통상 10~15년 (키네틱 고유 비용). 인버터 교체는 학부 단순화로 제외
A29: 액추에이터 교체비 (현재가) | B29: =B16 -> 3600000 | C29: 원 | D29: 액추에이터 CAPEX, 교체시점 물가반영
A30: 설비용량 (참고) | B30: 40 | C30: kWp | D30: 96패널 × 약 420W 가정 (LCOE·단가 산출용)
A32: ④ 계절별 전기요금 및 최종 청구단가 (일반용전력(갑) I · 저압)
A33: 계절 | B33: 적용 월 | C33: 최종 청구단가 (원/kWh) | D33: 월별 발전비중 | E33: 비고
A34: 여름철 | B34: 6~8월 | C34: =(132.4+$B$42+$B$43)*(1+$B$44+$B$45) -> 164.9928 | D34: 0.2242 | E34: 피크 일사량 기간, 발전량 최대
A35: 봄·가을철 | B35: 3~5월, 9~10월 | C35: =(91.9+$B$42+$B$43)*(1+$B$44+$B$45) -> 119.3493 | D35: 0.478 | E35: 중간 일사량
A36: 겨울철 | B36: 11~2월 | C36: =(119+$B$42+$B$43)*(1+$B$44+$B$45) -> 149.891 | D36: 0.2978 | E36: 일사량 최저
A37: 합계/가중평균 | C37: =SUMPRODUCT(C34:C36,D34:D36) -> 138.67789 | D37: =SUM(D34:D36) -> 1
A39: 참고: 기본요금 | B39: 6160 | C39: 원/kW | D39: 저압 기본요금 (별도, 본 DCF에서는 절감액에 미반영)
A41: ⑤ 추가 요금 및 세금 가정
A42: 기후환경요금단가 | B42: 9 | C42: 원/kWh | D42: 기후환경요금 부과단가 (2024년 기준 9.0원/kWh)
A43: 연료비조정단가 | B43: 5 | C43: 원/kWh | D43: 연료비조정요금 부과단가 (상한 ±5원/kWh 적용)
A44: 부가가치세 요율 | B44: 0.1 | C44: % | D44: 전기요금의 10% 부과 (원미만 4사 5입)
A45: 전력산업기반기금 요율 | B45: 0.027 | C45: % | D45: 전기요금의 2.7% 부과 (2025.7.1 요율 인하 반영, 10원미만 절사)

Sheet 현금흐름
A1: 키네틱 BIPV — 연도별 현금흐름 (명목, 구동전력 차감)
A3: 연도 | B3: 발전량(kWh) | C3: 구동소비(kWh) | D3: 순발전(kWh) | E3: 전기요금(원/kWh) | F3: 전력절감액(원) | G3: O&M(원) | H3: 교체비(원) | I3: 순현금흐름(원) | J3: 할인계수 | K3: 할인현금흐름(원) | L3: 누적할인(원)
A4: 0 | I4: =-가정!$B$23 -> -60400000 | J4: 1 | K4: =I4 -> -60400000 | L4: =K4 -> -60400000
A5: 1 | B5: =가정!$B$5*(1-가정!$B$7)^(A5-1) -> 35000 | C5: =가정!$B$6 -> 72.3 | D5: =B5-C5 -> 34927.7 | E5: =가정!$B$9*(1+가정!$B$10)^(A5-1) -> 138.67789 | F5: =D5*E5 -> 4843699.8 | G5: =가정!$B$27*(1+가정!$B$11)^(A5-1) -> 1208000 | H5: =IF(A5=가정!$B$28,가정!$B$29*(1+가정!$B$11)^A5,0) -> 0 | I5: =F5-G5-H5 -> 3635699.8 | J5: =1/(1+가정!$B$12)^A5 -> 0.9478673 | K5: =I5*J5 -> 3446160.9 | L5: =L4+K5 -> -56953839
A6: 2 | B6: =가정!$B$5*(1-가정!$B$7)^(A6-1) -> 34825 | C6: =가정!$B$6 -> 72.3 | D6: =B6-C6 -> 34752.7 | E6: =가정!$B$9*(1+가정!$B$10)^(A6-1) -> 145.61179 | F6: =D6*E6 -> 5060402.7 | G6: =가정!$B$27*(1+가정!$B$11)^(A6-1) -> 1232160 | H6: =IF(A6=가정!$B$28,가정!$B$29*(1+가정!$B$11)^A6,0) -> 0 | I6: =F6-G6-H6 -> 3828242.7 | J6: =1/(1+가정!$B$12)^A6 -> 0.89845242 | K6: =I6*J6 -> 3439493.9 | L6: =L5+K6 -> -53514345
A7: 3 | B7: =가정!$B$5*(1-가정!$B$7)^(A7-1) -> 34650.875 | C7: =가정!$B$6 -> 72.3 | D7: =B7-C7 -> 34578.575 | E7: =가정!$B$9*(1+가정!$B$10)^(A7-1) -> 152.89237 | F7: =D7*E7 -> 5286800.4 | G7: =가정!$B$27*(1+가정!$B$11)^(A7-1) -> 1256803.2 | H7: =IF(A7=가정!$B$28,가정!$B$29*(1+가정!$B$11)^A7,0) -> 0 | I7: =F7-G7-H7 -> 4029997.2 | J7: =1/(1+가정!$B$12)^A7 -> 0.85161366 | K7: =I7*J7 -> 3432000.7 | L7: =L6+K7 -> -50082344
A8: 4 | B8: =가정!$B$5*(1-가정!$B$7)^(A8-1) -> 34477.621 | C8: =가정!$B$6 -> 72.3 | D8: =B8-C8 -> 34405.321 | E8: =가정!$B$9*(1+가정!$B$10)^(A8-1) -> 160.53699 | F8: =D8*E8 -> 5523326.7 | G8: =가정!$B$27*(1+가정!$B$11)^(A8-1) -> 1281939.3 | H8: =IF(A8=가정!$B$28,가정!$B$29*(1+가정!$B$11)^A8,0) -> 0 | I8: =F8-G8-H8 -> 4241387.5 | J8: =1/(1+가정!$B$12)^A8 -> 0.80721674 | K8: =I8*J8 -> 3423719 | L8: =L7+K8 -> -46658625
A9: 5 | B9: =가정!$B$5*(1-가정!$B$7)^(A9-1) -> 34305.233 | C9: =가정!$B$6 -> 72.3 | D9: =B9-C9 -> 34232.933 | E9: =가정!$B$9*(1+가정!$B$10)^(A9-1) -> 168.56384 | F9: =D9*E9 -> 5770434.7 | G9: =가정!$B$27*(1+가정!$B$11)^(A9-1) -> 1307578 | H9: =IF(A9=가정!$B$28,가정!$B$29*(1+가정!$B$11)^A9,0) -> 0 | I9: =F9-G9-H9 -> 4462856.6 | J9: =1/(1+가정!$B$12)^A9 -> 0.76513435 | K9: =I9*J9 -> 3414684.9 | L9: =L8+K9 -> -43243941
A10: 6 | B10: =가정!$B$5*(1-가정!$B$7)^(A10-1) -> 34133.706 | C10: =가정!$B$6 -> 72.3 | D10: =B10-C10 -> 34061.406 | E10: =가정!$B$9*(1+가정!$B$10)^(A10-1) -> 176.99204 | F10: =D10*E10 -> 6028597.6 | G10: =가정!$B$27*(1+가정!$B$11)^(A10-1) -> 1333729.6 | H10: =IF(A10=가정!$B$28,가정!$B$29*(1+가정!$B$11)^A10,0) -> 0 | I10: =F10-G10-H10 -> 4694868 | J10: =1/(1+가정!$B$12)^A10 -> 0.72524583 | K10: =I10*J10 -> 3404933.5 | L10: =L9+K10 -> -39839007
A11: 7 | B11: =가정!$B$5*(1-가정!$B$7)^(A11-1) -> 33963.038 | C11: =가정!$B$6 -> 72.3 | D11: =B11-C11 -> 33890.738 | E11: =가정!$B$9*(1+가정!$B$10)^(A11-1) -> 185.84164 | F11: =D11*E11 -> 6298310.2 | G11: =가정!$B$27*(1+가정!$B$11)^(A11-1) -> 1360404.2 | H11: =IF(A11=가정!$B$28,가정!$B$29*(1+가정!$B$11)^A11,0) -> 0 | I11: =F11-G11-H11 -> 4937906 | J11: =1/(1+가정!$B$12)^A11 -> 0.68743681 | K11: =I11*J11 -> 3394498.3 | L11: =L10+K11 -> -36444509
A12: 8 | B12: =가정!$B$5*(1-가정!$B$7)^(A12-1) -> 33793.223 | C12: =가정!$B$6 -> 72.3 | D12: =B12-C12 -> 33720.923 | E12: =가정!$B$9*(1+가정!$B$10)^(A12-1) -> 195.13372 | F12: =D12*E12 -> 6580089 | G12: =가정!$B$27*(1+가정!$B$11)^(A12-1) -> 1387612.3 | H12: =IF(A12=가정!$B$28,가정!$B$29*(1+가정!$B$11)^A12,0) -> 0 | I12: =F12-G12-H12 -> 5192476.8 | J12: =1/(1+가정!$B$12)^A12 -> 0.65159887 | K12: =I12*J12 -> 3383412 | L12: =L11+K12 -> -33061097
A13: 9 | B13: =가정!$B$5*(1-가정!$B$7)^(A13-1) -> 33624.257 | C13: =가정!$B$6 -> 72.3 | D13: =B13-C13 -> 33551.957 | E13: =가정!$B$9*(1+가정!$B$10)^(A13-1) -> 204.8904 | F13: =D13*E13 -> 6874474 | G13: =가정!$B$27*(1+가정!$B$11)^(A13-1) -> 1415364.5 | H13: =IF(A13=가정!$B$28,가정!$B$29*(1+가정!$B$11)^A13,0) -> 0 | I13: =F13-G13-H13 -> 5459109.4 | J13: =1/(1+가정!$B$12)^A13 -> 0.61762926 | K13: =I13*J13 -> 3371705.7 | L13: =L12+K13 -> -29689391
A14: 10 | B14: =가정!$B$5*(1-가정!$B$7)^(A14-1) -> 33456.135 | C14: =가정!$B$6 -> 72.3 | D14: =B14-C14 -> 33383.835 | E14: =가정!$B$9*(1+가정!$B$10)^(A14-1) -> 215.13493 | F14: =D14*E14 -> 7182028.9 | G14: =가정!$B$27*(1+가정!$B$11)^(A14-1) -> 1443671.8 | H14: =IF(A14=가정!$B$28,가정!$B$29*(1+가정!$B$11)^A14,0) -> 0 | I14: =F14-G14-H14 -> 5738357.1 | J14: =1/(1+가정!$B$12)^A14 -> 0.58543058 | K14: =I14*J14 -> 3359409.7 | L14: =L13+K14 -> -26329981
A15: 11 | B15: =가정!$B$5*(1-가정!$B$7)^(A15-1) -> 33288.855 | C15: =가정!$B$6 -> 72.3 | D15: =B15-C15 -> 33216.555 | E15: =가정!$B$9*(1+가정!$B$10)^(A15-1) -> 225.89167 | F15: =D15*E15 -> 7503343 | G15: =가정!$B$27*(1+가정!$B$11)^(A15-1) -> 1472545.3 | H15: =IF(A15=가정!$B$28,가정!$B$29*(1+가정!$B$11)^A15,0) -> 0 | I15: =F15-G15-H15 -> 6030797.8 | J15: =1/(1+가정!$B$12)^A15 -> 0.5549105 | K15: =I15*J15 -> 3346553 | L15: =L14+K15 -> -22983428
A16: 12 | B16: =가정!$B$5*(1-가정!$B$7)^(A16-1) -> 33122.41 | C16: =가정!$B$6 -> 72.3 | D16: =B16-C16 -> 33050.11 | E16: =가정!$B$9*(1+가정!$B$10)^(A16-1) -> 237.18626 | F16: =D16*E16 -> 7839031.9 | G16: =가정!$B$27*(1+가정!$B$11)^(A16-1) -> 1501996.2 | H16: =IF(A16=가정!$B$28,가정!$B$29*(1+가정!$B$11)^A16,0) -> 4565670.5 | I16: =F16-G16-H16 -> 1771365.3 | J16: =1/(1+가정!$B$12)^A16 -> 0.52598152 | K16: =I16*J16 -> 931705.39 | L16: =L15+K16 -> -22051723
... A29: 25 | B29: =가정!$B$5*(1-가정!$B$7)^(A29-1) -> 31032.873 | C29: =가정!$B$6 -> 72.3 | D29: =B29-C29 -> 30960.573 | E29: =가정!$B$9*(1+가정!$B$10)^(A29-1) -> 447.25006 | F29: =D29*E29 -> 13847118 | G29: =가정!$B$27*(1+가정!$B$11)^(A29-1) -> 1942992.2 | H29: =IF(A29=가정!$B$28,가정!$B$29*(1+가정!$B$11)^A29,0) -> 0 | I29: =F29-G29-H29 -> 11904126 | J29: =1/(1+가정!$B$12)^A29 -> 0.2622337 | K29: =I29*J29 -> 3121663 | L29: =L28+K29 -> 19863698

Sheet 결과
A1: 키네틱 BIPV — 결과 요약
A3: 지표 | B3: 값 | C3: 단위
A4: 총 CAPEX | B4: =가정!B23 -> 60400000 | C4: 원
A5: NPV (순현재가치) | B5: =SUM(현금흐름!K4:K29) -> 19863698 | C5: 원
A6: IRR (내부수익률) | B6: =IRR(현금흐름!I4:I29) -> 0.079900523 | C6: %
A7: LCOE (균등화발전원가) | B7: =(가정!B23+SUMPRODUCT(현금흐름!G5:G29+현금흐름!H5:H29,현금흐름!J5:J29))/SUMPRODUCT(현금흐름!D5:D29,현금흐름!J5:J29) -> 184.32048 | C7: 원/kWh
A8: 할인 회수기간 | B8: =IFERROR((COUNTIF(현금흐름!L4:L29,"<0")-1)+(-INDEX(현금흐름!L4:L29,COUNTIF(현금흐름!L4:L29,"<0")))/INDEX(현금흐름!K4:K29,COUNTIF(현금흐름!L4:L29,"<0")+1),"25년내 미회수") -> 18.731548 | C8: 년
A10: 판정 | B10: =IF(B5>0,"투자가치 있음 (NPV>0)","투자 부적합 (NPV<0)") -> 투자가치 있음 (NPV>0)
